<?xml version="1.0" encoding="UTF-8"?>
<beans xmlns="http://www.springframework.org/schema/beans"
xmlns:xsi="http://www.w3.org/2001/XMLSchema-instance"
xsi:schemaLocation="http://www.springframework.org/schema/beans
http://www.springframework.org/schema/beans/spring-beans.xsd">

<bean id="kalpesh" class="com.spring.demo.Painter">
<constructor-arg ref="t"></constructor-arg>
</bean>

<bean id="sq" class="com.spring.demo.Squre"></bean>

<bean id="t" class="com.spring.demo.Triangle">
<constructor-arg name="color" value="red"></constructor-arg>
</bean>

<bean id="daaku" class="com.spring.demo.Dancer"></bean>

</beans>