<?xml version="1.0" encoding="UTF-8"?>
<beans xmlns="http://www.springframework.org/schema/beans"
xmlns:xsi="http://www.w3.org/2001/XMLSchema-instance"
xsi:schemaLocation="http://www.springframework.org/schema/beans
http://www.springframework.org/schema/beans/spring-beans.xsd">

<bean id="kalpesh" class="com.spring.demo.Painter">
<constructor-arg ref="cir"></constructor-arg>
</bean>

<bean id="cir" class="com.spring.demo.Circle">
<constructor-arg name="color" value="green"></constructor-arg>
</bean>

<bean id="rect" class="com.spring.demo.Rectangle">
<property name="color" value="red"></property>
</bean>

<bean id="daaku" class="com.spring.demo.Singer"></bean>

</beans>